index,author,author_fullname,created_utc,id,num_comments,permalink,score,selftext,subreddit,title,upvote_ratio,url
0,shesinanothercastle,t2_j2wcg,1648555721.0,tqybb6,12,/r/Charlotte/comments/tqybb6/brew_crew_meetup_329_divine_barrel_pt_2_electric/,14,"Hey Folks,

Let's try this again! Going to head to Divine Barrel tonight at 6:30 until they close at 9.  I am quite confident there is no movie event tonight and they're website even says Music Trivia at 7! 

Will be quite chilly out so dress warm in case we congregate outside.  As usual we'll update where we're sitting.  There's a tiny parking lot in front but extra parking on Anderson and in the gravel lot across the way.  

Food truck onsite as well that should be open.

Trying something new as well but for those who cannot make it, next week we'll be looking to go to Sycamore (unless they too, are closed for movie night).

See ya there!


Edit:outside for now
Jeana and green jacket",Charlotte,"Brew Crew Meetup: 3/29 @ Divine Barrel Pt 2: Electric Boogaloo, 6:30 pm",0.77,https://www.reddit.com/r/Charlotte/comments/tqybb6/brew_crew_meetup_329_divine_barrel_pt_2_electric/
1,shesinanothercastle,t2_j2wcg,1645538248.0,syo7y3,6,/r/Charlotte/comments/syo7y3/brew_crew_meetup_222_town_brewery_630_pm/,19,"Hi All,

It's 2-22-22 today.  Spooky! Coincidence it happens to fall on a Tuesday as well? Who knows...but to celebrate this momentous occasion we're off to Town Brewery tonight.  Swing on by if you're in the area! Plenty of parking in that big gravel lot and if the weather is in the high 60s as expected, we'll be outside.

Pretty sure they have a kitchen onsite, plus their beer isn't too shabby.

Will update where we're at.

Edit: outside by the fire pit for now.",Charlotte,"Brew Crew Meetup: 2/22 @ Town Brewery, 6:30 pm",0.92,https://www.reddit.com/r/Charlotte/comments/syo7y3/brew_crew_meetup_222_town_brewery_630_pm/
2,shesinanothercastle,t2_j2wcg,1657628142.0,vx9sdr,7,/r/Charlotte/comments/vx9sdr/brew_crew_meetup_712_town_brewery_630_pm/,15,"Hi Gang,

After a holiday refresher, back at it this evening to Town Brewery on the west side of town.

Hoping the temps are like yesterday and it's a pleasant evening to come on out, sip on their delicious beers, finally discuss the ending to Stranger Things and end it with a good old fashioned tickle fight.  Wait what?


If you're new to the area  - there's dozens of you! - live nearby, then head on over!

Town has food onsite, Rhino Market next door and some eateries nearby.  

Will update where we're out but hopefully sitting outside. 

See you then!



Edit: outside in the middle area.
Striped polo and navy hat",Charlotte,"Brew Crew Meetup: 7/12 @ Town Brewery, 6:30 pm",0.8,https://www.reddit.com/r/Charlotte/comments/vx9sdr/brew_crew_meetup_712_town_brewery_630_pm/
3,shesinanothercastle,t2_j2wcg,1661255600.0,wvmsw9,7,/r/Charlotte/comments/wvmsw9/brew_crew_meetup_823_catawba_brewery_630_pm/,4,"Hi Gang,

This week off to one of my personal favorites, Catawba Brewery! Located near the heart of Plaza Midwood, it's a good low key spot with a nice patio, great view of the skyline and a good, diverse selection of beers styles + seasonals.

Unfortunately their site/social media a little lackluster in terms of other offerings but if anyone knows of any specials they're running sound off below! Sometimes they had food trucks there but I would plan to eat before coming for sure.

Parking on the street if the lot is full but plan to be out there starting at 6:30.

See you there!

Back out to Blue Blaze next week.




Edit: sitting outside on the patio. Navy shirt, Grey hat, sunglasses",Charlotte,"Brew Crew Meetup: 8/23 @ Catawba Brewery, 6:30 pm",0.7,https://www.reddit.com/r/Charlotte/comments/wvmsw9/brew_crew_meetup_823_catawba_brewery_630_pm/
4,shesinanothercastle,t2_j2wcg,1667301142.0,yj5wl1,10,/r/Charlotte/comments/yj5wl1/brew_crew_meetup_111_devils_logic_630_pm/,11,"Gang,

Come say goodbye to spooky szn at the aptly name Devils Logic.  A great spot close to uptown with plenty of good brews on tap, an in house kitchen (dominoes next door if that's not your jam) and one of my favorite rooftop views in the city!

Will be there around 6:30 pm, someone will update where we are - most likely biggest group there and on the rooftop deck if it's open - so hopefully you can come out! There's a tiny lot out back but most parking is across 4th street in the parking garage...and it's free!

This is also the last one before it's dark out early so enjoying those last bits of sunlight and sunsets for a while.



Edit: up on the rooftop.  Long sleeve brown polo",Charlotte,"Brew Crew Meetup: 11/1 @ Devils Logic, 6:30 pm",0.82,https://www.reddit.com/r/Charlotte/comments/yj5wl1/brew_crew_meetup_111_devils_logic_630_pm/
5,shesinanothercastle,t2_j2wcg,1670329045.0,ze56rp,5,/r/Charlotte/comments/ze56rp/brew_crew_meetup_126_omb_630_pm/,35,"Gang,

By request we're off to OMB this week for the first time in ages. Everyone's favorite brewery on here!

Weather looks wonderful so likely will be inside huddled up but who knows, maybe it won't rain and maybe it won't be crowded.

Lots of beers and food there, and parking can be iffy with all the other breweries in the area so if you cannot find a spot out back, street parking is your friend.

Come by if you're up for it.   Next week is the last one of the year (will pick back up in mid-January) and the plan for now is HopFly.

See you out there!





Edit: standing inside near end of bar at a side table, wearing blue nike hat, black jacket.",Charlotte,"Brew Crew Meetup: 12/6 @ OMB, 6:30 pm",0.89,https://www.reddit.com/r/Charlotte/comments/ze56rp/brew_crew_meetup_126_omb_630_pm/
6,shesinanothercastle,t2_j2wcg,1646142483.0,t48amx,7,/r/Charlotte/comments/t48amx/brew_crew_meetup_31_resident_culture_plaza_630_pm/,24,"Hey All,

Celebrating the beginning of a new month with a trip out to Resident Culture in Plaza Midwood! 

Weather should be nice a cool so will probably be outside but as usual will update where we are sitting.  Parking is iffy in the main lot but some side streets nearby if you need them.  They usually have a food truck onsite and a pizza place a few doors down if you're hungry.

Say goodbye to February and welcome March with some beers today! Getting closer to warmer weather and light out later.


Edit:
 Sitting outside on the side patio in front of the food truck. Green jacket, jeans.",Charlotte,"Brew Crew Meetup: 3/1 @ Resident Culture (Plaza), 6:30 pm",0.96,https://www.reddit.com/r/Charlotte/comments/t48amx/brew_crew_meetup_31_resident_culture_plaza_630_pm/
7,shesinanothercastle,t2_j2wcg,1650976558.0,ucbkc6,10,/r/Charlotte/comments/ucbkc6/brew_crew_meetup_426_wooden_robot_south_end_6307/,19,"Hi Folks,

Wooden Robot on deck this week so brave the crowds and come on out to South End!

They have a run club starting at 6:30 and then trivia at 7 so trying to arrive at that sweet spot between both events. 

The weather will get nasty this afternoon so should clear up this evening.  Will plan to be outside if so.

Come on out if you're in the area! Close to the light rail and will be there until 9/9:30 or so.

Next week: Fonta Flora



Edit:

Sitting outside at the uncovered benches",Charlotte,"Brew Crew Meetup: 4/26 @ Wooden Robot South End, 6:30-7 pm",0.81,https://www.reddit.com/r/Charlotte/comments/ucbkc6/brew_crew_meetup_426_wooden_robot_south_end_6307/
8,shesinanothercastle,t2_j2wcg,1649765439.0,u1xl3b,5,/r/Charlotte/comments/u1xl3b/brew_crew_meetup_412_blue_blaze_630_pm/,17,"Hey Folks,

Come on out to Blue Blaze this evening! Should be nice spring weather, birds chirping, bees buzzing, dogs barking, pollen in the air.  The works!

We'll be out there hanging out enjoying some brews and the fresh air

Place is pup friendly so too.  Will update where we're sitting at!

Next Week: Petty Thieves


Edit: outside for now. Blue polo/jeans.",Charlotte,"Brew Crew Meetup: 4/12 @ Blue Blaze, 6:30 pm",0.82,https://www.reddit.com/r/Charlotte/comments/u1xl3b/brew_crew_meetup_412_blue_blaze_630_pm/
9,shesinanothercastle,t2_j2wcg,1647349188.0,teofyg,13,/r/Charlotte/comments/teofyg/brew_crew_meetup_315_hopfly_630_pm/,15,"Hi Gang,

This week we're gonna hop on over to HopFly Brewery (ha, get it? Hop? I'll show myself out).  

Located in the Brewery formerly known as Unknown, it's brand new to the Gold District area.  Have read some good things about it so far, only been open for about 3 weeks.  

It's right on Mint Street, about a half mile or so from Bank of America Stadium.  Unfortunately I do not know their food situation (someone who has been, feel free to chime in!), but maybe they'll have a food truck or allow you to bring in food from outside (Seoul kitchen down the road). 

Parking may be iffy since there's like 23 new bars/restaurants nearby but HopFly does have a small lot to the right of their building, otherwise will need to find street parking off Mint Street.  

Will try to go upstairs to their rooftop area if open but if not will plan to be outside on the patio since it should be pleasant outside today and won't be dark early!  Either way, will update where we're at.

If you're in the area or looking for something to do, swing on by! There until closing. 

Thanks!


Edit:

Upstairs on the rooftop deck at one of tables.

No food truck today.",Charlotte,"Brew Crew Meetup: 3/15 @ HopFly, 6:30 pm",0.86,https://www.reddit.com/r/Charlotte/comments/teofyg/brew_crew_meetup_315_hopfly_630_pm/
10,shesinanothercastle,t2_j2wcg,1660651603.0,wpslff,8,/r/Charlotte/comments/wpslff/brew_crew_meetup_816_charlotte_beer_garden_630_pm/,40,"Hi Gang,

Your eyes don't deceive you, for this week we're temporarily ditching the whole brewery aspect and trying something new!  From a request, we're off to try this Charlotte Beer Garden location.

Located in the land of salmon colored shorts and rompers, Charlotte Beer Garden offers a challenge of conquering 3 different levels to become ultimate beer champion (checks notes)....wait, sorry.  It's just 3 story bar.  Sorry, no challenges unless you wanna go for it yourself, then you do you.


But in all seriousness this place is 3 stories tall, has 100+ taps from all sorts of craft beers (and Bud Light if you're into that sort of thing).

Weather looks like it will clear up by this evening so would eventually plan to make it to their rooftop area, but for now meet on the first level and work our way up.

They have food there but I think you need to sit to be served.

Parking? No clue! It's South End...it's like the wild west of parking.   If you cannot find a street spot a few blocks away or are taking the light rail in, I know of a paid garage behind Stir that's close by.  

This is my first time there so if anyone has any suggestions/recommendations chime in below!

See you out there!


Next week: Catawba Brewery




Edit: downstairs for now by the big tree
Navy hat, blue hoodie",Charlotte,"Brew Crew Meetup: 8/16 @ Charlotte Beer Garden, 6:30 pm",0.98,https://www.reddit.com/r/Charlotte/comments/wpslff/brew_crew_meetup_816_charlotte_beer_garden_630_pm/
11,shesinanothercastle,t2_j2wcg,1660047378.0,wk1t10,5,/r/Charlotte/comments/wk1t10/brew_crew_meetup_89_divine_barrel_630_pm/,25,"Hi Gang,

This week we're back at Divine Barrel! Located on the far reaches of NoDa, past the train tracks, it's apparently everyone's (read: reddit's) favroite brewery.

Good news for music lovers and fans of empanadas, there's both music bingo tonight and an empanada food truck according to their 'gram.

We'll be outside most likely since for once rain is not in the forecast but as usual someone will update or look for the people you'd THINK look like reddit people.

Parking is on the streets near by if you don't get to snag one of the 3 spots out front, and in that gravel lot across the way.

Come on out to hang!",Charlotte,"Brew Crew Meetup: 8/9 @ Divine Barrel, 6:30 pm",0.91,https://www.reddit.com/r/Charlotte/comments/wk1t10/brew_crew_meetup_89_divine_barrel_630_pm/
12,shesinanothercastle,t2_j2wcg,1663672498.0,xj5yff,6,/r/Charlotte/comments/xj5yff/brew_crew_meetup_920_fonta_flora_630_pm/,11,"Hi Gang,

Come celebrate the last nights of summer (yes fully aware it'll feel like summer for a while longer) tonight at Fonta Flora (Optimist Hall).

Some solid beers, loads of food options upstairs now and the added benefit of paid parking!

We'll likely be outside on the benches but someone will post up where we are.


Come by for a beer and some food and say hi!



Edit: sitting outside in front of the entrance.  Blue shirt, navy hat.",Charlotte,"Brew Crew Meetup: 9/20 @ Fonta Flora, 6:30 pm",0.87,https://www.reddit.com/r/Charlotte/comments/xj5yff/brew_crew_meetup_920_fonta_flora_630_pm/
13,shesinanothercastle,t2_j2wcg,1663068218.0,xd4wdr,12,/r/Charlotte/comments/xd4wdr/brew_crew_meetup_913_bhramari_brewery_630_pm/,14,"Hi Folks!

This week trying something new: bhramari brewery in the Gold District.  Located near Palmer/Mint, it's kind of tucked away.  This may not be an original Charlotte brewery (has a spot in Asheville), but have heard good things and excited to check it out!

Haven't been to that building in ages but from what I recall there was a decent amount of street parking and a large lot out back.  

Someone will have to chime in on their experiences plus any recommendations for beers/food.

Hope to see you out there and will plan to be outside if no rain.


Edit: sitting outside.  Biggest and only group here",Charlotte,"Brew Crew Meetup: 9/13 @ Bhramari Brewery, 6:30 pm",0.89,https://www.reddit.com/r/Charlotte/comments/xd4wdr/brew_crew_meetup_913_bhramari_brewery_630_pm/
14,shesinanothercastle,t2_j2wcg,1643117691.0,scdvm9,8,/r/Charlotte/comments/scdvm9/brew_crew_meetup_125_630_pm_at_midnight_mulligan/,20,"Hey Folks,

New(ish) year, new(ish) you! Meetups are back tonight, January 25th at the new Midnight Mulligan Brewery on the west side of town. Will be there around 6:30 pm.

  Located next to Summit Seltzery, it's the perfect blend of.....something. I don't know, never been myself, but heard good things.  You can bring beers to Summit and vice versa so if you're looking for something a little lighter to drink, you got options! No idea on the food situation but there looks to be a parking lot to the side of the building.  

Hope to see some old faces and new faces out there and finally get this year off and running! For those new to the area, looking to branch out more as part of your new years resolutions, looking for something to do on a chilly Tuesday or live nearby, swing on over to check it out! We're a pretty inviting group and can make it super awkward if that's your jam.

I or someone there will update where we're sitting/standing but usually we're the biggest group there.

Edit: outside for now in jeans and black Patagonia jacket",Charlotte,"Brew Crew Meetup: 1/25, 6:30 pm at Midnight Mulligan",0.86,https://www.reddit.com/r/Charlotte/comments/scdvm9/brew_crew_meetup_125_630_pm_at_midnight_mulligan/
15,shesinanothercastle,t2_j2wcg,1665486534.0,y169ar,4,/r/Charlotte/comments/y169ar/brew_crew_meetup_1011_triple_c_630_pm/,17,"Hi All,

This week off to Triple C, deep in the heart of South End.  Always a low key favorite of mine - and definitely not because I used to live next door - it's got a good ambiance, solid rotation of classic beers and always mixing in something new. 

I believe they have a pizza truck there if you're hungry and there's a cornhole tournament onsite too.  Parking is limited so best to look for street parking if not taking the light rail.  

Hope to see you out there on what should be a pleasant fall evening!


Edit: sitting outside on the side patio. Biggest group here! Blue hat, navy Pull over",Charlotte,"Brew Crew Meetup: 10/11 @ Triple C, 6:30 pm",0.9,https://www.reddit.com/r/Charlotte/comments/y169ar/brew_crew_meetup_1011_triple_c_630_pm/
16,shesinanothercastle,t2_j2wcg,1668513924.0,yvv8se,12,/r/Charlotte/comments/yvv8se/brew_crew_meetup_1015_lenny_boy_630_pm/,13,"If you love dark, cold and rainy November nights, then tonight is the night for you! Despite the miserable conditions we'll be over at Lenny Boy in South End tonight.  There's a sizable parking lot to the side and a solid rotation of beers on tap. They even have some food too if you come hungry.

Hope to see you there! Inside, because weather.



Edit: got lucky and got a spot. Inside at the head of a long table. Navy sweater, navy Nike hat. There's some event going on inside, on top of the disc golf. Parking lot is packed but overflow parking on Griffith Street.",Charlotte,"Brew Crew Meetup: 10/15 @ Lenny Boy, 6:30 pm",0.81,https://www.reddit.com/r/Charlotte/comments/yvv8se/brew_crew_meetup_1015_lenny_boy_630_pm/
17,shesinanothercastle,t2_j2wcg,1669723674.0,z7s9fy,2,/r/Charlotte/comments/z7s9fy/brew_crew_meetup_1129_resident_culture_plaza_at/,24,"Gang

Resident Culture is the move for this week's meetup! We're off to the one in Plaza Midwood for drinks starting at 6:30 pm if you're in the area.

I think the dumpling lady truck is closed on Tuesdays but there's a local pizza joint next door and they may have another food truck onsite too.

Parking is very limited with their tiny lot but there is nearby street parking and overflow parking too.  See you out there! We'll likely be outside too.  Check here for updates on where we're sitting.


Edit: sitting outside on the far end for now. Will mosy around later I'm sure but Grey nike golf hat/black Patagonia jacket if new.",Charlotte,Brew Crew Meetup: 11/29 @ Resident Culture (Plaza) at 6:30 pm,0.82,https://www.reddit.com/r/Charlotte/comments/z7s9fy/brew_crew_meetup_1129_resident_culture_plaza_at/
18,shesinanothercastle,t2_j2wcg,1666695886.0,yd21na,2,/r/Charlotte/comments/yd21na/brew_crew_meetup_1025_midnight_mulligan_630_pm/,21,"Gang,

Let's show Midnight Mulligan the best way to attract patrons to their bar.  Who needs hot chicks, when you can put a bunch of thirsty (in more ways than one) redditors on their balcony.  What patron would deny that appeal? Didn't need a marketing degree for that one. #topical

Anyway Midnight Mulligan is a low key good spot.  nice views, ample parking, solid brews, selzters next door, and food!

Come on out and tell some spooky stories as we wrap up October.

Will likely be outside but look for the biggest group there! There's a run club and trivia tonight too I think.


Edit...sitting outside on the side patio facing thr road.",Charlotte,"Brew Crew Meetup: 10/25 @ Midnight Mulligan, 6:30 pm",0.82,https://www.reddit.com/r/Charlotte/comments/yd21na/brew_crew_meetup_1025_midnight_mulligan_630_pm/
19,AutoModerator,t2_6l4z3,1655812810.0,vhbnm2,5,/r/Charlotte/comments/vhbnm2/brew_crew_meetup_today_june_21_2022/,9,"ü§ñ

    Welcome,
            C U @ üê¶üé∂

Date | Tuesday, June 21st @ 6:30PM

\---|---

Location | [Birdsong Brewing Co.](https://www.birdsongbrewing.com/)

Directions | [1016 N Davidson St, Charlotte, NC 28206](https://www.google.com/maps/place/Birdsong+Brewing+Co./@35.2308546,-80.8287642,17z/data=!4m5!3m4!1s0x8856a0748cf56823:0x8aec81ab4b52d5c6!8m2!3d35.2308502!4d-80.8265755?hl=en)

Drinks | Alcoholic and non-alcoholic drinks are available

Food Truck |  [RiCoQui Street Food](https://www.instagram.com/ricoqui2020/)

\_\_\_

*Look for us, someone should update where we're sitting*",Charlotte,"Brew Crew Meetup today - June 21, 2022",0.85,https://www.reddit.com/r/Charlotte/comments/vhbnm2/brew_crew_meetup_today_june_21_2022/
20,shesinanothercastle,t2_j2wcg,1643723042.0,shv9k9,13,/r/Charlotte/comments/shv9k9/brew_crew_meetup_21_devils_logic_630_pm/,29,"Hi Gang,

New month today and to celebrate we're off to Devils Logic near Novant Hospital/CPCC.  Tried it for the first time last year and loved it so much, that it is worth going back to.  That rooftop patio ain't too shabby either.

Turns out, they also have food but if you want to be extra dirty, there's a dominoes and Burger King nearby too.  Parking in the garage across the street is free too.

Hope to see you all out there! As usual, look for likely the only group there.  Someone will update where we're at.  If it's not too cold, may post up on the rooftop for some striking views of uptown, good conversation and memories that'll last a lifetime.

Inside for now. Black jacket, white nike golf hat.",Charlotte,"Brew Crew Meetup: 2/1 @ Devils Logic, 6:30 pm",0.97,https://www.reddit.com/r/Charlotte/comments/shv9k9/brew_crew_meetup_21_devils_logic_630_pm/
21,shesinanothercastle,t2_j2wcg,1652187238.0,umi1ap,5,/r/Charlotte/comments/umi1ap/brew_crew_meetup_510_vaulted_oak_630ish/,18,"Hi All,

Off to Vaulted Oak this week! Located off Monroe it has limited parking so come early to snag a spot! Last time they had trivia there but it's a beautiful day out so we'll be posted up outside somewhere.

If you're hungry, Sals Pizza is across the street and it's pretty damn good.

See you out there!


Edit: standing outside in the back. Brown hat, white/blue t-shirt.",Charlotte,"Brew Crew Meetup: 5/10 @ Vaulted Oak, 6:30ish",0.82,https://www.reddit.com/r/Charlotte/comments/umi1ap/brew_crew_meetup_510_vaulted_oak_630ish/
22,shesinanothercastle,t2_j2wcg,1650372306.0,u74b1i,9,/r/Charlotte/comments/u74b1i/brew_crew_meetup_419_petty_thieves_630_pm/,29,"Hitting up Petty Thieves on this chilly April evening! Will be there at 6:30ish and hope to see anyone out there looking for something to do!

Don't forget, Charlotte has nothing else to do besides activities that involve drinking, so just accept it...YOLO or something.

Anyway, parking is plentiful around the brewery, and food is likely a no go so plan to eat before or after.  

See you out there!

Edit: Forgot to mention next week is Wooden Robot (South End).  Open to suggestions though as I know it's not everyone's favorite.



Sitting outside by the fire pit for now!",Charlotte,"Brew Crew Meetup: 4/19 @ Petty Thieves, 6:30 pm",0.88,https://www.reddit.com/r/Charlotte/comments/u74b1i/brew_crew_meetup_419_petty_thieves_630_pm/
23,shesinanothercastle,t2_j2wcg,1659441862.0,we9wvw,13,/r/Charlotte/comments/we9wvw/brew_crew_meetup_82_at_hopfly_630_pm/,21,"Hi All,

Heading back to HopFly (formerly Unknown Brewery) this evening! Last time we went, we had a good turnout upstairs out on their rooftop. Solid views of uptown, good beers and good vibes.

Come out to hang this evening, storms or no, and we'll be there for sure. 

Well I won't be but for new folks just look for an update on here from someone already there or look for the likely biggest group.  It's not hard to identify a redditor in the wild.


Next week back to Divine Barrel if they're open.  


Thanks!",Charlotte,"Brew Crew Meetup: 8/2 at HopFly, 6:30 pm",0.92,https://www.reddit.com/r/Charlotte/comments/we9wvw/brew_crew_meetup_82_at_hopfly_630_pm/
24,shesinanothercastle,t2_j2wcg,1649163588.0,twudv7,20,/r/Charlotte/comments/twudv7/brew_crew_meetup_45_sycamore_brewery_630_pm_rain/,20,"Dust off those rompers bois, it's time to hit up Sycamore this evening!

Located in the heart of South End, it's one of Charlotte's most popular breweries.  Looks beautiful outside now but will get nasty this afternoon. Plan accordingly if you're driving in to stay dry

We'll be camped out inside admiring our floral romper prints and comparing IPAs like good bros do.  Swing on by if you're looking to get out on this soon to be rainy/stormy night. 


Haven't been to the area since the before days and am aware there's a lot of construction going on.  If someone can chime in on parking or any other trips to navigate the area, please do so below.

Next Week: Blue Blaze


Edit: inside obviously.  Grey nike hat and rain jacket.",Charlotte,"Brew Crew Meetup: 4/5 @ Sycamore Brewery, 6:30 pm (rain or shine)",0.86,https://www.reddit.com/r/Charlotte/comments/twudv7/brew_crew_meetup_45_sycamore_brewery_630_pm_rain/
25,shesinanothercastle,t2_j2wcg,1656420856.0,vmmmbu,19,/r/Charlotte/comments/vmmmbu/brew_crew_meetup_628_lenny_boy_630_pm/,19,"Hi Gang,

Join us this evening over at South End's off the beaten path brewery, Lenny Boy! Right off Tryon, a short walk from Triple C, it's a sneaky good brewery with good vibes and even better beers.

We'll be there hoping it doesn't rain, starting at 6:30 pm.  Feel free to swing by if you're in the area! I believe there's an indoor disc golf league on Tuesdays but if someone wants to conifrm, that would be great.

They usually have some food onsite as well.

Hope to see you out there!

PSA: might cancel next week's due to it coming off a holiday weekend but will be at Town Brewery on the 5th or 12th of July.",Charlotte,"Brew Crew Meetup: 6/28 @ Lenny Boy, 6:30 pm",0.84,https://www.reddit.com/r/Charlotte/comments/vmmmbu/brew_crew_meetup_628_lenny_boy_630_pm/
26,shesinanothercastle,t2_j2wcg,1646744971.0,t9ggo0,5,/r/Charlotte/comments/t9ggo0/brew_crew_meetup_38_gilde_brewery_630_pm/,16,"Hi All,

Come celebrate the last dark meetup until the fall! This week we're going to check out the new Gilde Brewery.  Located in that weird no mans land between South End and Lower South End, it's supposed to be a true, authentic German beer experience.  

gilde1546.com

Website is here and while there's food and sit down, we'll most likely be at the bar or outside standing depending on weather.  Parking seems iffy so be prepared if you're driving in, otherwise light rail or shared rides are best option.

Come out as we say goodbye to it being dark out so early on Tuesdays and look forward to spring arriving!

Will update where we're sitting/standing upon arrival.

Toodles.


Edit: standing by the table right when you walk in.  Blue north face rain coat. 

Sorry all it's like a restaurant so not really optimal for our situation. Looks cool though.

Parking also sucks with all the construction, so I wound up parking in the apartment parking deck about 100 yards down the road.",Charlotte,"Brew Crew Meetup: 3/8 @ Gilde Brewery, 6:30 pm",0.85,https://www.reddit.com/r/Charlotte/comments/t9ggo0/brew_crew_meetup_38_gilde_brewery_630_pm/
27,shesinanothercastle,t2_j2wcg,1655211369.0,vc2vz5,22,/r/Charlotte/comments/vc2vz5/brew_crew_meetup_614_devils_logic_brewery_630_pm/,24,"Hi Gang,

Auto Mod is dead...for now.


So come out to celebrate his demise this evening with a couple of brews at Devils Logic! This weather should ease up this afternoon and the cloud cover this evening should be a small reprieve from the heat.

We'll be out there somewhere (either inside or on the rooftop deck as usual) sipping some cold beers, laughing about that time Auto Mod tried to  go to Skynet on us all and reminiscing about the good old days.

If you're in the area, looking for something to do and want to feel like you're melting being outside, then come on by. 

There's parking in a small lot behind the brewery, along with the parking deck directly across the street (be wary it's quite dangerous running across 4th street). They have a small kitchen onsite too if you're hungry. 

Will update where we're at. Stay cool!



Edit: the rooftop is closed for a private event so sitting outside the tap room. Beige hat, Grey t-shirt.",Charlotte,"Brew Crew Meetup: 6/14 @ Devils Logic Brewery, 6:30 pm",0.94,https://www.reddit.com/r/Charlotte/comments/vc2vz5/brew_crew_meetup_614_devils_logic_brewery_630_pm/
28,shesinanothercastle,t2_j2wcg,1658839327.0,w8isai,3,/r/Charlotte/comments/w8isai/brew_crew_meetup_726_lower_left_630_pm/,13,"Howdy Gang,

This week off to Lower Left Brewery near OMB/Sugar Creek in (sighs) the LoSo region.  

Head on out - weather be damned! - if you're in the area tonight or looking for some cool vibes on a summer Tuesday.

Their space is quite small inside so will likely be outside.  Parking is also limited in their lot out back but some street parking in and around the area too.

Hope to see you out there!


Next week: HopFly in South End area

Edit:
For anyone here we're outside on a bench...navy hat/crimson polo",Charlotte,"Brew Crew Meetup: 7/26 @ Lower Left, 6:30 pm",0.88,https://www.reddit.com/r/Charlotte/comments/w8isai/brew_crew_meetup_726_lower_left_630_pm/
29,shesinanothercastle,t2_j2wcg,1658234959.0,w2ry6o,14,/r/Charlotte/comments/w2ry6o/brew_crew_meetup_719_resident_culture_plaza_630_pm/,26,"What up - 

Off to Resident Culture in Plaza Midwood this evening! If you like delicious beers, swing on by! We'll be outside sweating profusely and laughing about it, starting at 6:30 pm.  Usually there until closing time too so if you're running late, no worries!

I believe they have a food truck onsite still plus a local pizza place down the road if you come hungry.  Parking on their lot is also super hit or miss (mostly miss cause there's like 5 spots) but there's overflow parking nearby and on the street if you can find some.

Apparently they're filming something in the area (hopefully not another Morris Jenkins commercial) so I expect some congestion getting in and out of the area.  


Hope to see you out there and hopefully no storms! Stay thirsty.

Next week: Planning on Lower Left near OMB for the spot (subject to change)


Edit:
Sitting outside at long bench near the entrance.

Navy hat/Grey shirt",Charlotte,"Brew Crew Meetup: 7/19 @ Resident Culture (Plaza), 6:30 pm",0.83,https://www.reddit.com/r/Charlotte/comments/w2ry6o/brew_crew_meetup_719_resident_culture_plaza_630_pm/
30,AutoModerator,t2_6l4z3,1654002013.0,v1pqo1,3,/r/Charlotte/comments/v1pqo1/brew_crew_meetup_today_may_31_2022/,10,"Date | Tuesday, May 31st @ 6:30PM

\---|---

Location | NoDa Brewing Company

Directions | [2921 N Tryon St, Charlotte, NC 28206](https://www.google.com/maps/place/NoDa+Brewing+Company/@35.2513936,-80.8076991,16.75z/data=!4m5!3m4!1s0x8856a074905f7911:0x5e6aae7b53e06fc4!8m2!3d35.2514698!4d-80.8123291?hl=en)  

Drinks | Alcoholic and non-alcoholic drinks are available

\_\_\_

*Look for us, someone should update where we're sitting*",Charlotte,"Brew Crew Meetup today - May 31, 2022",0.86,https://www.reddit.com/r/Charlotte/comments/v1pqo1/brew_crew_meetup_today_may_31_2022/
31,AutoModerator,t2_6l4z3,1653397213.0,uwq9uj,6,/r/Charlotte/comments/uwq9uj/brew_crew_meetup_today_may_24_2022/,11,"Date | Tuesday, May 24th @ 6:30PM

\---|---

Location | [Triple C Brewing Company](https://www.triplecbrewing.com/home)

Directions | [2900 Griffith St, Charlotte, NC 28203](https://www.google.com/maps/place/Triple+C+Brewing+Company/@35.2012722,-80.8717399,17z/data=!4m5!3m4!1s0x88569f6cf2a83fd5:0x6fdfc6aabe575234!8m2!3d35.2012678!4d-80.8695459?hl=en) 

Drinks | Alcoholic and non-alcoholic drinks are available

Food |[Izzy‚Äôs Wood Fired Kitchen](https://www.triplecbrewing.com/izzys)

\_\_\_

*Look for us, someone should update where we're sitting*",Charlotte,"Brew Crew Meetup today - May 24, 2022",0.87,https://www.reddit.com/r/Charlotte/comments/uwq9uj/brew_crew_meetup_today_may_24_2022/
32,shesinanothercastle,t2_j2wcg,1664881716.0,xvc78c,7,/r/Charlotte/comments/xvc78c/brew_crew_meetup_104_heist_barrel_arts_camp_north/,18,"Hi Gang,

Up next on this week's rotation, Heist Barrel Arts! The one near camp north end, NOT the OG one in NoDa.

We'll be up there enjoying the refreshing fall air, sipping their beers, eating their food (pretty decent menu I might add if you come hungry) and trying to see if the mayor strolls through again like last time (hint: probably not).

Come swing by if you live up that way or looking for something to do tonight or....hear me out, looking to meet people cause it's hard and the 194955 posts made about meeting friends here seem to indicate that.  

Will update where we're at!


Edit: standing outside, striped polo and sunglasses",Charlotte,"Brew Crew Meetup: 10/4 @ Heist Barrel Arts (Camp North End area), 6:30 pm",0.83,https://www.reddit.com/r/Charlotte/comments/xvc78c/brew_crew_meetup_104_heist_barrel_arts_camp_north/
